{"feature_means": [5.786538461538464, 3.0365384615384605, 3.663461538461539, 1.1567307692307691], "feature_stds": [0.8166603771443997, 0.43324750705210513, 1.7332194195233956, 0.7423668519670097]}