{"feature_means": [5.795192307692308, 3.056730769230769, 3.6673076923076926, 1.15], "feature_stds": [0.7913449855118023, 0.463009474707202, 1.7339063449384315, 0.7458861534082492]}